Date,Open,Low,High,Close,Volume
"Aug 22, 2017",2433.75,2433.67,2454.77,2452.51,"1,588,714,000"
"Aug 18, 2017",2427.64,2420.69,2440.27,2425.55,"1,962,081,000"
"Aug 17, 2017",2462.95,2430.01,2465.02,2430.01,"1,929,351,000"
"Aug 15, 2017",2468.66,2461.61,2468.9,2464.61,"1,689,634,000"
"Aug 14, 2017",2454.96,2454.96,2468.22,2465.84,"1,586,224,000"
"Aug 10, 2017",2465.38,2437.75,2465.38,2438.21,"2,079,315,000"
"Aug 09, 2017",2465.35,2462.08,2474.41,2474.02,"1,821,056,000"
"Aug 08, 2017",2478.35,2470.32,2490.87,2474.92,"1,826,291,000"
"Aug 04, 2017",2476.88,2472.08,2480,2476.83,"1,869,114,000"
"Aug 03, 2017",2476.03,2468.85,2476.03,2472.16,"2,039,487,000"
"Aug 01, 2017",2477.1,2471.14,2478.51,2476.35,"2,076,284,000"
"Jul 31, 2017",2475.94,2468.53,2477.96,2470.3,"2,189,634,000"
"Jul 28, 2017",2469.12,2464.66,2473.53,2472.1,"2,043,354,000"
"Jul 26, 2017",2479.97,2474.94,2481.69,2477.83,"2,261,843,000"
"Jul 25, 2017",2477.88,2474.91,2481.24,2477.13,"2,373,902,000"
"Jul 21, 2017",2467.4,2465.06,2472.54,2472.54,"1,946,505,000"
"Jul 20, 2017",2475.56,2468.43,2477.62,2473.45,"1,993,809,000"
"Jul 19, 2017",2463.85,2463.85,2473.83,2473.83,"1,849,694,000"
"Jul 17, 2017",2459.5,2457.16,2462.82,2459.14,"1,655,943,000"
"Jul 14, 2017",2449.16,2446.69,2463.54,2459.27,"1,667,639,000"
"Jul 12, 2017",2435.75,2435.75,2445.76,2443.25,"1,856,436,000"
"Jul 11, 2017",2427.35,2412.79,2429.3,2425.53,"1,732,498,000"
"Jul 10, 2017",2424.51,2422.27,2432,2427.43,"1,767,991,000"
"Jul 06, 2017",2423.44,2407.7,2424.28,2409.75,"2,021,301,000"
"Jul 05, 2017",2430.78,2422.05,2434.9,2432.54,"2,001,772,000"
"Jun 30, 2017",2429.2,2421.65,2432.71,2423.41,"2,068,473,000"
"Jun 29, 2017",2442.38,2405.7,2442.73,2419.7,"2,437,153,000"
"Jun 28, 2017",2428.7,2428.02,2442.97,2440.69,"1,978,838,000"
"Jun 26, 2017",2443.32,2437.03,2450.42,2439.07,"1,807,411,000"
"Jun 23, 2017",2434.65,2431.11,2441.4,2438.3,"2,954,291,000"
"Jun 21, 2017",2439.31,2430.74,2442.23,2435.61,"2,194,973,000"
"Jun 20, 2017",2450.66,2436.6,2450.66,2437.03,"1,981,273,000"
"Jun 16, 2017",2431.24,2422.88,2433.15,2433.15,"3,474,906,000"
"Jun 15, 2017",2424.14,2418.53,2433.95,2432.46,"2,056,413,000"
"Jun 14, 2017",2443.75,2428.34,2443.75,2437.92,"2,077,561,000"
"Jun 12, 2017",2425.88,2419.97,2430.38,2429.39,"2,715,835,000"
"Jun 09, 2017",2436.39,2415.7,2446.2,2431.77,"2,624,858,000"
"Jun 07, 2017",2432.03,2424.75,2435.28,2433.14,"2,087,406,000"
"Jun 06, 2017",2431.92,2428.12,2436.21,2429.33,"1,972,388,000"
"Jun 05, 2017",2437.83,2434.32,2439.55,2436.1,"1,742,363,000"
"Jun 01, 2017",2415.65,2413.54,2430.06,2430.06,"2,156,065,000"
"May 31, 2017",2415.63,2403.59,2415.99,2411.8,"2,610,802,000"
"May 26, 2017",2414.5,2412.2,2416.68,2415.82,"1,524,512,000"
"May 25, 2017",2409.54,2408.01,2418.71,2415.07,"2,010,590,000"
"May 24, 2017",2401.41,2397.99,2405.58,2404.39,"1,797,590,000"
"May 22, 2017",2387.21,2386.92,2395.46,2394.02,"1,858,439,000"
"May 19, 2017",2371.37,2370.43,2389.06,2381.73,"2,249,728,000"
"May 17, 2017",2382.95,2356.21,2384.87,2357.03,"2,717,639,000"
"May 16, 2017",2404.55,2396.05,2405.77,2400.67,"2,039,120,000"
"May 15, 2017",2393.98,2393.94,2404.05,2402.32,"1,896,371,000"
"May 11, 2017",2394.84,2381.74,2395.72,2394.44,"2,024,700,000"
"May 10, 2017",2396.79,2392.79,2399.74,2399.63,"1,985,193,000"
"May 08, 2017",2399.94,2393.92,2401.36,2399.38,"1,845,375,000"
"May 05, 2017",2392.37,2389.38,2399.29,2399.29,"1,823,790,000"
"May 03, 2017",2386.5,2379.75,2389.82,2388.13,"2,270,224,000"
"May 02, 2017",2391.05,2385.82,2392.93,2391.17,"2,371,689,000"
"May 01, 2017",2388.5,2384.83,2394.49,2388.33,"1,893,003,000"
"Apr 27, 2017",2389.7,2382.68,2392.1,2388.77,"2,205,559,000"
"Apr 26, 2017",2388.98,2386.76,2398.16,2387.45,"2,223,616,000"
"Apr 24, 2017",2370.33,2369.19,2376.98,2374.15,"2,248,662,000"
"Apr 21, 2017",2354.74,2344.51,2356.18,2348.69,"2,071,759,000"
"Apr 20, 2017",2342.69,2340.91,2361.37,2355.84,"2,089,716,000"
"Apr 18, 2017",2342.53,2334.54,2348.35,2342.19,"1,903,471,000"
"Apr 17, 2017",2332.62,2332.51,2349.14,2349.01,"1,626,264,000"
"Apr 12, 2017",2352.15,2341.18,2352.72,2344.93,"1,897,910,000"
"Apr 11, 2017",2353.92,2337.25,2355.22,2353.78,"1,817,530,000"
"Apr 10, 2017",2357.16,2351.5,2366.37,2357.16,"1,620,329,000"
"Apr 06, 2017",2353.79,2348.9,2364.16,2357.49,"1,936,974,000"
"Apr 05, 2017",2366.59,2350.52,2378.36,2352.95,"2,104,798,000"
"Apr 03, 2017",2362.34,2344.73,2365.87,2358.84,"2,182,258,000"
"Mar 31, 2017",2364.82,2362.6,2370.35,2362.72,"1,997,044,000"
"Mar 30, 2017",2361.31,2358.58,2370.42,2368.06,"1,848,896,000"
"Mar 28, 2017",2339.79,2337.63,2363.78,2358.57,"1,951,314,000"
"Mar 27, 2017",2329.11,2322.25,2344.9,2341.59,"1,931,760,000"
"Mar 23, 2017",2345.97,2342.13,2358.92,2345.96,"1,918,717,000"
"Mar 22, 2017",2343,2336.45,2351.81,2348.45,"2,138,555,000"
"Mar 21, 2017",2379.32,2341.9,2381.93,2344.02,"2,637,088,000"
"Mar 17, 2017",2383.71,2377.64,2385.71,2378.25,"3,398,205,000"
"Mar 16, 2017",2387.71,2377.18,2388.1,2381.38,"1,878,039,000"
"Mar 14, 2017",2368.55,2358.18,2368.55,2365.45,"1,685,090,000"
"Mar 13, 2017",2371.56,2368.52,2374.42,2373.47,"1,822,264,000"
"Mar 09, 2017",2363.49,2354.54,2369.08,2364.87,"2,019,165,000"
"Mar 08, 2017",2369.81,2361.01,2373.09,2362.98,"2,085,506,000"
"Mar 07, 2017",2370.74,2365.51,2375.12,2368.39,"1,912,964,000"
"Mar 03, 2017",2380.92,2375.39,2383.89,2383.12,"1,832,913,000"
"Mar 02, 2017",2394.75,2380.17,2394.75,2381.92,"2,120,548,000"
"Feb 28, 2017",2366.08,2358.96,2367.79,2363.64,"2,538,169,000"
"Feb 27, 2017",2365.23,2361.87,2371.54,2369.75,"1,881,304,000"
"Feb 24, 2017",2355.73,2352.87,2367.34,2367.34,"2,190,395,000"
"Feb 22, 2017",2361.11,2358.34,2365.13,2362.82,"1,953,850,000"
"Feb 21, 2017",2354.91,2354.91,2366.71,2365.38,"2,108,632,000"
"Feb 17, 2017",2343.01,2339.58,2351.16,2351.16,"2,119,431,000"
"Feb 16, 2017",2349.64,2338.87,2351.31,2347.22,"2,086,044,000"
"Feb 15, 2017",2335.58,2334.81,2351.3,2349.25,"2,251,620,000"
"Feb 13, 2017",2321.72,2321.42,2331.58,2328.25,"1,958,736,000"
"Feb 10, 2017",2312.27,2311.1,2319.23,2316.1,"2,067,124,000"
"Feb 08, 2017",2289.55,2285.38,2295.91,2294.67,"2,113,479,000"
"Feb 07, 2017",2295.87,2290.16,2299.4,2293.08,"2,079,166,000"
"Feb 06, 2017",2294.28,2288.57,2296.18,2292.56,"1,902,540,000"
"Feb 02, 2017",2276.69,2271.65,2283.97,2280.85,"2,321,960,000"
"Feb 01, 2017",2285.59,2272.44,2289.14,2279.55,"2,478,979,000"
"Jan 30, 2017",2286.01,2268.04,2286.01,2280.9,"2,108,083,000"
"Jan 27, 2017",2299.02,2291.62,2299.02,2294.69,"1,999,261,000"
"Jan 25, 2017",2288.88,2288.88,2299.55,2298.37,"2,461,512,000"
"Jan 24, 2017",2267.88,2266.68,2284.63,2280.07,"2,229,227,000"
"Jan 23, 2017",2267.78,2257.02,2271.78,2265.2,"1,990,552,000"
"Jan 19, 2017",2271.9,2258.41,2274.33,2263.69,"2,041,282,000"
"Jan 18, 2017",2269.14,2263.35,2272.01,2271.89,"1,998,643,000"
"Jan 13, 2017",2272.74,2271.51,2278.68,2274.64,"1,780,997,000"
"Jan 12, 2017",2271.14,2254.25,2271.78,2270.44,"1,937,385,000"
"Jan 10, 2017",2269.72,2265.27,2279.27,2268.9,"2,138,024,000"
"Jan 09, 2017",2273.59,2268.9,2275.49,2268.9,"1,914,652,000"
"Jan 05, 2017",2268.18,2260.45,2271.5,2269,"2,187,189,000"
"Jan 04, 2017",2261.6,2261.6,2272.82,2270.75,"2,097,360,000"
"Jan 03, 2017",2251.57,2245.13,2263.88,2257.83,"2,318,947,000"
"Dec 30, 2016",2251.61,2233.62,2253.58,2238.83,"1,580,595,000"
"Dec 29, 2016",2249.5,2244.56,2254.51,2249.26,"1,264,830,000"
"Dec 27, 2016",2266.23,2266.15,2273.82,2268.88,"1,090,974,000"
"Dec 23, 2016",2260.25,2258.84,2263.79,2263.79,"1,082,067,000"
"Dec 21, 2016",2270.54,2265.15,2271.23,2265.18,"1,585,087,000"
"Dec 20, 2016",2266.5,2266.14,2272.56,2270.76,"1,797,798,000"
"Dec 16, 2016",2266.81,2254.24,2268.05,2258.07,"3,710,588,000"
"Dec 15, 2016",2253.77,2253.77,2272.12,2262.03,"2,428,153,000"
"Dec 14, 2016",2268.35,2248.44,2276.2,2253.28,"2,660,459,000"
"Dec 12, 2016",2258.83,2252.37,2264.03,2256.96,"2,358,393,000"
"Dec 09, 2016",2249.73,2249.23,2259.8,2259.53,"2,200,678,000"
"Dec 07, 2016",2210.72,2208.93,2241.63,2241.35,"2,734,847,000"
"Dec 06, 2016",2207.26,2202.21,2212.78,2212.23,"2,170,130,000"
"Dec 02, 2016",2191.12,2188.37,2197.95,2191.95,"587,431,000"
"Dec 01, 2016",2200.17,2187.44,2202.6,2191.08,"742,047,000"
"Nov 30, 2016",2204.97,2198.81,2214.1,2198.81,"1,055,352,000"
"Nov 28, 2016",2210.21,2200.36,2211.14,2201.72,"562,045,000"
"Nov 25, 2016",2206.27,2206.27,2213.35,2213.35,"261,974,000"
"Nov 23, 2016",2198.55,2194.51,2204.72,2204.72,"523,778,000"
"Nov 22, 2016",2201.56,2194.51,2204.8,2202.94,"593,601,000"
"Nov 21, 2016",2186.43,2186.43,2198.7,2198.18,"571,010,000"
"Nov 17, 2016",2178.61,2176.65,2188.06,2187.12,"569,018,000"
"Nov 16, 2016",2177.53,2172.2,2179.22,2176.94,"569,327,000"
"Nov 14, 2016",2165.64,2156.08,2171.36,2164.2,"798,242,000"
"Nov 11, 2016",2162.71,2152.49,2165.92,2164.45,"734,601,000"
"Nov 10, 2016",2167.49,2151.17,2182.3,2167.48,"997,868,000"
"Nov 08, 2016",2129.92,2123.56,2146.87,2139.56,"556,634,000"
"Nov 07, 2016",2100.59,2100.59,2132,2131.52,"608,621,000"
"Nov 03, 2016",2098.8,2085.23,2102.56,2088.66,"593,008,000"
"Nov 02, 2016",2109.43,2094,2111.76,2097.94,"641,501,000"
"Nov 01, 2016",2128.68,2097.85,2131.45,2111.72,"712,604,000"
"Oct 28, 2016",2132.23,2119.36,2140.72,2126.41,"641,367,000"
"Oct 27, 2016",2144.06,2132.52,2147.13,2133.04,"614,708,000"
"Oct 25, 2016",2149.72,2141.93,2151.44,2143.16,"530,792,000"
"Oct 24, 2016",2148.5,2146.91,2154.79,2151.33,"523,564,000"
"Oct 21, 2016",2139.43,2130.09,2142.63,2141.16,"654,860,000"
"Oct 19, 2016",2140.81,2138.15,2148.44,2144.29,"544,371,000"
"Oct 18, 2016",2138.31,2135.49,2144.38,2139.6,"475,279,000"
"Oct 14, 2016",2139.68,2132.98,2149.19,2132.98,"548,993,000"
"Oct 13, 2016",2130.26,2114.72,2138.19,2132.55,"561,305,000"
"Oct 11, 2016",2161.35,2128.84,2161.56,2136.73,"576,873,000"
"Oct 10, 2016",2160.39,2160.39,2169.6,2163.66,"452,832,000"
"Oct 07, 2016",2164.19,2144.85,2165.86,2153.74,"620,211,000"
"Oct 05, 2016",2155.15,2155.15,2163.95,2159.73,"599,657,000"
"Oct 04, 2016",2163.37,2144.01,2165.46,2150.49,"562,930,000"
"Sep 30, 2016",2156.51,2156.51,2175.3,2168.27,"809,085,000"
"Sep 29, 2016",2168.9,2145.2,2172.67,2151.13,"616,762,000"
"Sep 28, 2016",2161.85,2151.79,2172.4,2171.37,"558,057,000"
"Sep 26, 2016",2158.54,2145.04,2158.54,2146.1,"517,726,000"
"Sep 23, 2016",2173.29,2163.97,2173.75,2164.69,"520,708,000"
"Sep 21, 2016",2144.58,2139.57,2165.11,2163.12,"584,045,000"
"Sep 20, 2016",2145.94,2139.17,2150.8,2139.76,"484,990,000"
"Sep 19, 2016",2143.99,2135.91,2153.61,2139.12,"513,135,000"
"Sep 15, 2016",2125.36,2122.36,2151.31,2147.26,"582,039,000"
"Sep 14, 2016",2127.86,2119.9,2141.33,2125.77,"613,057,000"
"Sep 12, 2016",2120.86,2119.12,2163.3,2159.04,"678,673,000"
"Sep 09, 2016",2169.08,2127.81,2169.08,2127.81,"733,227,000"
"Sep 08, 2016",2182.76,2177.49,2184.94,2181.3,"530,082,000"
"Sep 06, 2016",2181.61,2175.1,2186.57,2186.48,"569,188,000"
"Sep 02, 2016",2177.49,2173.59,2184.87,2179.98,"491,982,000"
"Sep 01, 2016",2171.33,2157.09,2173.56,2170.86,"507,264,000"
"Aug 31, 2016",2173.56,2161.35,2173.79,2170.95,"659,162,000"
"Aug 29, 2016",2170.19,2170.19,2183.48,2180.38,"434,407,000"
"Aug 26, 2016",2175.1,2160.39,2187.94,2169.04,"494,425,000"
"Aug 25, 2016",2173.29,2169.74,2179,2172.47,"459,398,000"
"Aug 23, 2016",2187.81,2186.8,2193.42,2186.9,"466,736,000"
"Aug 22, 2016",2181.58,2175.96,2185.15,2182.64,"463,033,000"
"Aug 18, 2016",2181.9,2180.46,2187.03,2187.02,"510,514,000"
"Aug 17, 2016",2177.84,2168.5,2183.08,2182.22,"499,856,000"
"Aug 16, 2016",2186.24,2178.14,2186.24,2178.15,"484,439,000"
"Aug 12, 2016",2183.74,2179.42,2186.28,2184.05,"432,156,000"
"Aug 11, 2016",2177.97,2177.97,2188.45,2185.79,"464,458,000"
"Aug 09, 2016",2182.24,2178.61,2187.66,2181.74,"427,986,000"
"Aug 08, 2016",2183.76,2177.85,2185.44,2180.89,"486,958,000"
"Aug 05, 2016",2168.79,2168.79,2182.87,2182.87,"569,849,000"
"Aug 03, 2016",2156.81,2152.56,2163.79,2163.79,"542,285,000"
"Aug 02, 2016",2169.94,2147.58,2170.2,2157.03,"619,382,000"
"Jul 29, 2016",2168.83,2163.49,2177.09,2173.6,"787,086,000"
"Jul 28, 2016",2166.05,2159.74,2172.85,2170.06,"564,543,000"
"Jul 27, 2016",2169.81,2159.07,2174.98,2166.58,"661,630,000"
"Jul 25, 2016",2173.71,2161.95,2173.71,2168.48,"511,374,000"
"Jul 22, 2016",2166.47,2163.24,2175.11,2175.03,"525,935,000"
"Jul 20, 2016",2166.1,2164.89,2175.63,2173.02,"500,205,000"
"Jul 19, 2016",2163.79,2159.01,2164.63,2163.78,"516,605,000"
"Jul 18, 2016",2162.04,2159.63,2168.35,2166.89,"478,404,000"
"Jul 14, 2016",2157.88,2157.88,2168.99,2163.75,"530,310,000"
"Jul 13, 2016",2153.81,2146.21,2156.45,2152.43,"514,541,000"
"Jul 11, 2016",2131.72,2131.72,2143.16,2137.16,"514,370,000"
"Jul 08, 2016",2106.97,2106.97,2131.71,2129.9,"597,242,000"
"Jul 06, 2016",2084.43,2074.02,2100.72,2099.73,"649,649,000"
"Jul 05, 2016",2095.05,2080.86,2095.05,2088.55,"650,706,000"
"Jul 01, 2016",2099.34,2097.9,2108.71,2102.95,"551,736,000"
"Jun 30, 2016",2073.17,2070,2098.94,2098.86,"892,556,000"
"Jun 29, 2016",2042.69,2042.69,2073.13,2070.77,"691,858,000"
"Jun 27, 2016",2031.45,1991.68,2031.45,2000.54,"882,683,000"
"Jun 24, 2016",2103.81,2032.57,2103.81,2037.41,"1,403,897,000"
"Jun 23, 2016",2092.8,2092.8,2113.32,2113.32,"525,308,000"
"Jun 21, 2016",2085.19,2083.02,2093.66,2088.9,"537,088,000"
"Jun 20, 2016",2075.58,2075.58,2100.66,2083.25,"598,150,000"
"Jun 16, 2016",2066.36,2050.37,2079.62,2077.99,"552,019,000"
"Jun 15, 2016",2077.6,2069.8,2085.65,2071.5,"575,938,000"
"Jun 14, 2016",2076.65,2064.1,2081.3,2075.32,"576,788,000"
"Jun 10, 2016",2109.57,2089.96,2109.57,2096.07,"552,199,000"
"Jun 09, 2016",2115.65,2107.73,2117.64,2115.48,"482,643,000"
"Jun 07, 2016",2110.18,2110.18,2119.22,2112.13,"536,131,000"
"Jun 06, 2016",2100.83,2100.83,2113.36,2109.41,"532,939,000"
"Jun 03, 2016",2104.07,2085.36,2104.07,2099.13,"568,033,000"
"Jun 01, 2016",2093.94,2085.1,2100.97,2099.33,"556,851,000"
"May 31, 2016",2100.13,2088.66,2103.48,2096.96,"904,459,000"
"May 27, 2016",2090.06,2090.06,2099.06,2099.06,"508,493,000"
"May 26, 2016",2091.44,2087.08,2094.3,2090.1,"474,138,000"
"May 24, 2016",2052.65,2052.65,2079.67,2076.06,"557,588,000"
"May 23, 2016",2052.23,2047.26,2055.58,2048.04,"524,841,000"
"May 20, 2016",2041.88,2041.88,2058.35,2052.32,"697,842,000"
"May 18, 2016",2044.38,2034.49,2060.61,2047.63,"558,156,000"
"May 17, 2016",2065.04,2040.82,2065.69,2047.21,"686,681,000"
"May 13, 2016",2062.5,2043.13,2066.79,2046.61,"567,482,000"
"May 12, 2016",2067.17,2053.13,2073.99,2064.11,"588,564,000"
"May 11, 2016",2083.29,2064.46,2083.29,2064.46,"580,139,000"
"May 09, 2016",2057.55,2054.31,2064.15,2058.69,"557,448,000"
"May 06, 2016",2047.77,2039.45,2057.72,2057.14,"588,441,000"
"May 04, 2016",2060.3,2045.55,2060.3,2051.12,"626,804,000"
"May 03, 2016",2077.18,2054.89,2077.18,2063.37,"635,557,000"
"May 02, 2016",2067.17,2066.11,2083.42,2081.43,"604,121,000"
"Apr 28, 2016",2090.93,2071.62,2099.3,2075.81,"689,220,000"
"Apr 27, 2016",2092.33,2082.31,2099.89,2095.15,"672,757,000"
"Apr 25, 2016",2089.37,2077.52,2089.37,2087.79,"544,779,000"
"Apr 22, 2016",2091.49,2081.2,2094.32,2091.58,"705,983,000"
"Apr 21, 2016",2102.09,2088.52,2103.78,2091.48,"651,246,000"
"Apr 19, 2016",2096.05,2091.68,2104.05,2100.8,"590,323,000"
"Apr 18, 2016",2078.83,2073.65,2094.66,2094.34,"547,244,000"
"Apr 14, 2016",2082.89,2078.13,2087.84,2082.78,"563,108,000"
"Apr 13, 2016",2065.92,2065.92,2083.18,2082.42,"630,914,000"
"Apr 12, 2016",2043.72,2039.74,2065.05,2061.72,"590,857,000"
"Apr 08, 2016",2045.54,2041.69,2060.63,2047.6,"534,860,000"
"Apr 07, 2016",2063.01,2033.8,2063.01,2041.91,"618,277,000"
"Apr 05, 2016",2062.5,2042.56,2062.5,2045.17,"666,163,000"
"Apr 04, 2016",2073.19,2062.57,2074.02,2066.13,"532,705,000"
"Mar 31, 2016",2063.77,2057.46,2067.92,2059.74,"636,510,000"
"Mar 30, 2016",2058.27,2058.27,2072.21,2063.95,"511,410,000"
"Mar 29, 2016",2035.75,2028.31,2055.91,2055.01,"571,883,000"
"Mar 24, 2016",2032.48,2022.49,2036.04,2035.94,"600,131,000"
"Mar 22, 2016",2048.64,2040.57,2056.6,2049.8,"555,485,000"
"Mar 21, 2016",2047.88,2043.14,2053.91,2051.6,"535,577,000"
"Mar 18, 2016",2041.16,2041.16,2052.36,2049.58,"1,743,158,000"
"Mar 16, 2016",2014.24,2010.04,2032.02,2027.22,"617,671,000"
"Mar 15, 2016",2015.27,2005.23,2015.94,2015.93,"529,503,000"
"Mar 11, 2016",1994.71,1994.71,2022.37,2022.19,"641,712,000"
"Mar 10, 2016",1990.97,1969.25,2005.08,1989.57,"665,444,000"
"Mar 09, 2016",1981.44,1979.84,1992.69,1989.26,"608,081,000"
"Mar 07, 2016",1996.11,1989.38,2006.12,2001.76,"654,455,000"
"Mar 04, 2016",1994.01,1986.77,2009.13,1999.99,"782,584,000"
"Mar 02, 2016",1976.6,1968.8,1986.51,1986.45,"680,819,000"
"Mar 01, 2016",1937.09,1937.09,1978.35,1978.35,"742,687,000"
"Feb 29, 2016",1947.13,1931.81,1958.27,1932.23,"849,487,000"
"Feb 25, 2016",1931.87,1925.41,1951.83,1951.7,"590,047,000"
"Feb 24, 2016",1917.56,1891,1932.08,1929.8,"662,291,000"
"Feb 22, 2016",1924.44,1924.44,1946.7,1945.5,"663,513,000"
"Feb 19, 2016",1916.74,1902.17,1918.78,1917.78,"862,747,000"
"Feb 17, 2016",1898.8,1898.8,1930.68,1926.82,"818,658,000"
"Feb 16, 2016",1871.44,1871.44,1895.77,1895.58,"840,931,000"
"Feb 12, 2016",1833.4,1833.4,1864.78,1864.78,"803,669,000"
"Feb 11, 2016",1847,1810.1,1847,1829.08,"959,312,000"
"Feb 10, 2016",1857.1,1850.32,1881.6,1851.86,"765,063,000"
"Feb 08, 2016",1873.25,1828.46,1873.25,1853.44,"1,012,893,000"
"Feb 05, 2016",1913.07,1872.65,1913.07,1880.05,"866,331,000"
"Feb 04, 2016",1911.67,1900.52,1927.35,1915.45,"865,531,000"
"Feb 02, 2016",1935.26,1897.29,1935.26,1903.03,"788,015,000"
"Feb 01, 2016",1936.94,1920.3,1947.2,1939.38,"714,148,000"
"Jan 28, 2016",1885.22,1873.65,1902.96,1893.36,"820,296,000"
"Jan 27, 2016",1902.52,1872.7,1916.99,1882.95,"801,306,000"
"Jan 26, 2016",1878.79,1878.79,1906.73,1903.63,"695,956,000"
"Jan 22, 2016",1877.4,1877.4,1908.85,1906.9,"809,147,000"
"Jan 21, 2016",1861.46,1848.98,1889.85,1868.99,"853,633,000"
"Jan 19, 2016",1888.66,1864.6,1901.44,1881.33,"876,359,000"
"Jan 15, 2016",1916.68,1857.83,1916.68,1880.33,"1,194,942,000"
"Jan 13, 2016",1940.34,1886.41,1950.33,1890.28,"874,565,000"
"Jan 12, 2016",1927.83,1914.35,1947.38,1938.68,"759,189,000"
"Jan 08, 2016",1945.97,1918.46,1960.4,1922.03,"800,798,000"
"Jan 07, 2016",1985.32,1938.83,1985.32,1943.09,"860,517,000"
"Jan 06, 2016",2011.71,1979.05,2011.71,1990.26,"734,820,000"
"Jan 04, 2016",2038.2,1989.68,2038.2,2012.66,"802,072,000"
"Dec 31, 2015",2060.59,2043.62,2062.54,2043.94,"482,596,000"
"Dec 30, 2015",2077.34,2061.97,2077.34,2063.36,"334,631,000"
"Dec 29, 2015",2060.54,2060.54,2081.56,2078.36,"379,027,000"
"Dec 24, 2015",2063.52,2058.73,2067.36,2060.99,"250,570,000"
"Dec 23, 2015",2042.2,2042.2,2064.73,2064.29,"545,191,000"
"Dec 21, 2015",2010.27,2005.93,2022.9,2021.15,"610,294,000"
"Dec 18, 2015",2040.81,2005.33,2040.81,2005.55,"1,811,569,000"
"Dec 16, 2015",2046.5,2042.43,2076.72,2073.07,"680,651,000"
"Dec 15, 2015",2025.55,2025.55,2053.87,2043.41,"689,853,000"
"Dec 14, 2015",2013.37,1993.26,2022.92,2021.94,"771,571,000"
"Dec 10, 2015",2047.93,2045.67,2067.65,2052.23,"597,997,000"
"Dec 09, 2015",2061.17,2036.53,2080.33,2047.62,"719,904,000"
"Dec 07, 2015",2090.42,2066.78,2090.42,2077.07,"639,169,000"
"Dec 04, 2015",2051.24,2051.24,2093.84,2091.69,"740,000,000"
"Dec 03, 2015",2080.71,2042.35,2085,2049.62,"749,534,000"
"Dec 01, 2015",2082.93,2082.93,2103.37,2102.63,"591,053,000"
"Nov 30, 2015",2090.95,2080.41,2093.81,2080.41,"818,038,000"
"Nov 25, 2015",2089.3,2086.3,2093,2088.87,"440,227,000"
"Nov 24, 2015",2084.42,2070.29,2094.12,2089.14,"607,006,000"
"Nov 20, 2015",2082.82,2082.82,2097.06,2089.17,"689,172,000"
"Nov 19, 2015",2083.7,2078.76,2086.74,2081.24,"536,851,000"
"Nov 17, 2015",2053.67,2045.9,2066.69,2050.44,"677,184,000"
"Nov 16, 2015",2022.08,2019.39,2053.22,2053.19,"607,470,000"
"Nov 13, 2015",2044.64,2022.02,2044.64,2023.04,"652,851,000"
"Nov 11, 2015",2083.41,2074.85,2086.94,2075,"511,666,000"
"Nov 10, 2015",2077.19,2069.91,2083.67,2081.72,"564,878,000"
"Nov 06, 2015",2098.6,2083.74,2101.91,2099.2,"661,105,000"
"Nov 05, 2015",2101.68,2090.41,2108.78,2099.93,"589,737,000"
"Nov 03, 2015",2102.63,2097.51,2116.48,2109.79,"588,205,000"
"Nov 02, 2015",2080.76,2080.76,2106.2,2104.05,"579,601,000"
"Oct 30, 2015",2090,2079.34,2094.32,2079.36,"789,097,000"
"Oct 28, 2015",2066.48,2063.11,2090.35,2090.35,"660,968,000"
"Oct 27, 2015",2068.75,2058.84,2070.37,2065.89,"650,112,000"
"Oct 23, 2015",2058.19,2058.19,2079.74,2075.15,"745,335,000"
"Oct 22, 2015",2021.88,2021.88,2055.2,2052.51,"786,028,000"
"Oct 21, 2015",2033.47,2017.22,2037.97,2018.94,"610,204,000"
"Oct 19, 2015",2031.73,2022.31,2034.45,2033.66,"600,551,000"
"Oct 16, 2015",2024.37,2020.46,2033.54,2033.11,"711,470,000"
"Oct 14, 2015",2003.66,1990.73,2009.56,1994.24,"629,947,000"
"Oct 13, 2015",2015,2001.78,2022.34,2003.69,"567,343,000"
"Oct 12, 2015",2015.65,2010.55,2018.66,2017.46,"464,138,000"
"Oct 08, 2015",1994.01,1987.53,2016.5,2013.43,"604,478,000"
"Oct 07, 2015",1982.34,1976.44,1999.31,1995.83,"735,394,000"
"Oct 05, 2015",1954.33,1954.33,1989.17,1987.05,"725,881,000"
"Oct 02, 2015",1921.77,1893.7,1951.36,1951.36,"763,255,000"
"Oct 01, 2015",1919.65,1900.7,1927.21,1923.82,"676,563,000"
"Sep 29, 2015",1881.9,1871.91,1899.48,1884.09,"735,886,000"
"Sep 28, 2015",1929.18,1879.21,1929.18,1881.77,"776,043,000"
"Sep 24, 2015",1934.81,1908.92,1937.17,1932.24,"715,118,000"
"Sep 23, 2015",1943.24,1932.57,1949.52,1938.76,"505,058,000"
"Sep 21, 2015",1960.84,1955.8,1979.64,1966.97,"570,775,000"
"Sep 18, 2015",1989.66,1953.45,1989.66,1958.03,"1,860,981,000"
"Sep 17, 2015",1995.33,1986.73,2020.86,1990.2,"704,674,000"
"Sep 15, 2015",1955.1,1954.3,1983.19,1978.09,"538,205,000"
"Sep 14, 2015",1963.06,1948.27,1963.06,1953.03,"546,552,000"
"Sep 10, 2015",1941.59,1937.19,1965.29,1952.29,"668,618,000"
"Sep 09, 2015",1971.45,1937.88,1988.63,1942.04,"666,981,000"
"Sep 08, 2015",1927.3,1927.3,1970.42,1969.41,"683,168,000"
"Sep 04, 2015",1947.76,1911.21,1947.76,1921.22,"665,450,000"
"Sep 03, 2015",1950.79,1944.72,1975.01,1951.13,"632,699,000"
"Sep 01, 2015",1970.09,1903.07,1970.09,1913.85,"870,125,000"
"Aug 31, 2015",1986.73,1965.98,1986.73,1972.18,"764,741,000"
"Aug 28, 2015",1986.06,1975.19,1993.48,1988.87,"723,484,000"
"Aug 26, 2015",1872.75,1872.75,1943.09,1940.51,"1,028,890,000"
"Aug 25, 2015",1898.08,1867.08,1948.04,1867.61,"1,051,285,000"
"Aug 21, 2015",2034.08,1970.89,2034.08,1970.89,"1,064,386,000"
"Aug 20, 2015",2076.61,2035.73,2076.61,2035.73,"674,625,000"
"Aug 19, 2015",2095.69,2070.53,2096.17,2079.61,"571,231,000"
"Aug 17, 2015",2089.7,2079.3,2102.87,2102.44,"426,042,000"
"Aug 14, 2015",2083.15,2080.61,2092.45,2091.54,"448,636,000"
"Aug 12, 2015",2081.1,2052.09,2089.06,2086.05,"632,320,000"
"Aug 11, 2015",2102.66,2076.49,2102.66,2084.07,"562,080,000"
"Aug 10, 2015",2080.98,2080.98,2105.35,2104.18,"536,952,000"
"Aug 06, 2015",2100.75,2075.53,2103.32,2083.56,"611,690,000"
"Aug 05, 2015",2095.27,2095.27,2112.66,2099.84,"580,780,000"
"Aug 03, 2015",2104.49,2087.31,2105.7,2098.04,"546,235,000"
"Jul 31, 2015",2111.6,2102.07,2114.24,2103.84,"639,716,000"
"Jul 29, 2015",2094.7,2094.08,2110.6,2108.57,"568,110,000"
"Jul 28, 2015",2070.75,2069.09,2095.6,2093.25,"612,199,000"
"Jul 27, 2015",2078.19,2063.52,2078.19,2067.64,"658,424,000"
"Jul 23, 2015",2114.16,2098.63,2116.87,2102.15,"583,756,000"
"Jul 22, 2015",2118.21,2110,2118.51,2114.15,"604,850,000"
"Jul 20, 2015",2126.85,2123.65,2132.82,2128.28,"498,063,000"
"Jul 17, 2015",2126.8,2119.88,2128.91,2126.64,"626,055,000"
"Jul 16, 2015",2110.55,2110.55,2124.42,2124.29,"531,489,000"
"Jul 14, 2015",2099.72,2098.18,2111.98,2108.95,"501,243,000"
"Jul 13, 2015",2080.03,2080.03,2100.67,2099.6,"504,047,000"
"Jul 09, 2015",2049.73,2049.73,2074.28,2051.31,"553,570,000"
"Jul 08, 2015",2077.66,2044.66,2077.66,2046.68,"372,276,000"
"Jul 07, 2015",2069.52,2044.02,2083.74,2081.34,"624,382,000"
"Jul 02, 2015",2078.03,2071.02,2085.06,2076.78,"484,440,000"
"Jun 30, 2015",2061.19,2056.32,2074.28,2063.11,"717,671,000"
"Jun 29, 2015",2098.63,2056.64,2098.63,2057.64,"586,955,000"
"Jun 26, 2015",2102.62,2095.38,2108.92,2101.49,"927,539,000"
"Jun 24, 2015",2123.65,2108.58,2125.1,2108.58,"534,019,000"
"Jun 23, 2015",2123.16,2119.89,2128.03,2124.2,"453,115,000"
"Jun 19, 2015",2121.06,2109.45,2121.64,2109.99,"1,255,422,000"
"Jun 18, 2015",2101.58,2101.58,2126.65,2121.24,"544,428,000"
"Jun 16, 2015",2084.26,2082.1,2097.4,2096.29,"410,710,000"
"Jun 15, 2015",2091.34,2072.49,2091.34,2084.43,"504,787,000"
"Jun 12, 2015",2107.43,2091.33,2107.43,2094.11,"449,503,000"
"Jun 10, 2015",2081.12,2081.12,2108.5,2105.2,"507,555,000"
"Jun 09, 2015",2079.07,2072.14,2085.62,2080.15,"488,823,000"
"Jun 05, 2015",2095.09,2085.67,2100.99,2092.83,"559,311,000"
"Jun 04, 2015",2112.35,2093.23,2112.89,2095.84,"521,557,000"
"Jun 03, 2015",2110.64,2109.61,2121.92,2114.07,"464,527,000"
"Jun 01, 2015",2108.64,2102.54,2119.15,2111.73,"488,083,000"
"May 29, 2015",2120.66,2104.89,2120.66,2107.39,"760,129,000"
"May 27, 2015",2105.13,2105.13,2126.22,2123.48,"511,248,000"
"May 26, 2015",2125.34,2099.18,2125.34,2104.2,"557,833,000"
"May 22, 2015",2130.36,2126.06,2132.15,2126.06,"423,419,000"
"May 21, 2015",2125.55,2122.95,2134.28,2130.82,"468,557,000"
"May 20, 2015",2127.79,2122.59,2134.72,2125.85,"477,723,000"
"May 18, 2015",2121.3,2120.01,2131.78,2129.2,"444,239,000"
"May 15, 2015",2122.07,2116.79,2123.89,2122.73,"609,123,000"
"May 14, 2015",2100.43,2100.43,2121.45,2121.1,"477,949,000"
"May 12, 2015",2102.87,2085.57,2105.06,2099.12,"468,682,000"
"May 11, 2015",2115.56,2104.58,2117.69,2105.33,"467,022,000"
"May 07, 2015",2079.96,2074.99,2092.9,2088,"523,758,000"
"May 06, 2015",2091.26,2067.93,2098.42,2080.15,"552,153,000"
"May 05, 2015",2112.63,2088.46,2115.24,2089.46,"532,113,000"
"May 01, 2015",2087.38,2087.38,2108.41,2108.29,"509,568,000"
"Apr 30, 2015",2105.52,2077.59,2105.52,2085.51,"686,082,000"
"Apr 28, 2015",2108.35,2094.89,2116.09,2114.76,"549,650,000"
"Apr 27, 2015",2119.29,2107.04,2125.92,2108.92,"590,999,000"
"Apr 23, 2015",2107.21,2103.19,2120.49,2112.93,"566,843,000"
"Apr 22, 2015",2098.27,2091.05,2109.98,2107.96,"505,662,000"
"Apr 21, 2015",2102.82,2094.38,2109.64,2097.29,"485,076,000"
"Apr 17, 2015",2102.58,2072.37,2102.58,2081.18,"661,794,000"
"Apr 16, 2015",2105.96,2100.02,2111.3,2104.99,"494,694,000"
"Apr 14, 2015",2092.28,2083.24,2098.62,2095.84,"449,838,000"
"Apr 13, 2015",2102.03,2092.33,2107.65,2092.43,"489,876,000"
"Apr 10, 2015",2091.51,2091.51,2102.61,2102.06,"467,375,000"
"Apr 08, 2015",2076.94,2073.3,2086.69,2081.9,"488,249,000"
"Apr 07, 2015",2080.79,2076.1,2089.81,2076.33,"436,475,000"
"Apr 02, 2015",2060.03,2057.32,2072.17,2066.96,"484,704,000"
"Apr 01, 2015",2067.63,2048.38,2067.63,2059.69,"564,988,000"
"Mar 30, 2015",2064.11,2064.11,2088.97,2086.24,"493,690,000"
"Mar 27, 2015",2055.78,2052.96,2062.83,2061.02,"537,750,000"
"Mar 25, 2015",2093.1,2061.05,2097.43,2061.05,"582,073,000"
"Mar 24, 2015",2103.94,2091.5,2107.63,2091.5,"512,610,000"
"Mar 23, 2015",2107.99,2104.42,2114.86,2104.42,"500,086,000"
"Mar 19, 2015",2098.69,2085.56,2098.69,2089.27,"528,262,000"
"Mar 18, 2015",2072.84,2061.23,2106.85,2099.5,"628,925,000"
"Mar 16, 2015",2055.35,2055.35,2081.41,2081.19,"541,612,000"
"Mar 13, 2015",2064.56,2041.17,2064.56,2053.4,"553,445,000"
"Mar 12, 2015",2041.1,2041.1,2066.41,2065.95,"541,588,000"
"Mar 10, 2015",2076.14,2044.16,2076.14,2044.16,"618,042,000"
"Mar 09, 2015",2072.25,2072.21,2083.49,2079.43,"491,672,000"
"Mar 05, 2015",2098.54,2095.22,2104.25,2101.04,"479,611,000"
"Mar 04, 2015",2107.72,2087.62,2107.72,2098.53,"489,025,000"
"Mar 02, 2015",2105.23,2104.5,2117.52,2117.39,"516,612,000"
"Feb 27, 2015",2110.88,2103.75,2112.74,2104.5,"596,556,000"
"Feb 26, 2015",2113.91,2103.76,2113.91,2110.74,"504,308,000"
"Feb 24, 2015",2109.1,2105.87,2117.94,2115.48,"499,805,000"
"Feb 23, 2015",2109.83,2103,2110.05,2109.66,"497,016,000"
"Feb 19, 2015",2099.25,2090.79,2102.13,2097.45,"462,240,000"
"Feb 18, 2015",2099.16,2092.15,2100.23,2099.68,"458,222,000"
"Feb 17, 2015",2096.47,2089.8,2101.3,2100.34,"557,220,000"
"Feb 13, 2015",2088.78,2086.7,2097.03,2096.99,"501,223,000"
"Feb 12, 2015",2069.98,2069.98,2088.53,2088.48,"563,402,000"
"Feb 10, 2015",2049.38,2048.62,2070.86,2068.59,"537,838,000"
"Feb 09, 2015",2053.47,2041.88,2056.16,2046.74,"502,321,000"
"Feb 06, 2015",2062.28,2049.97,2072.4,2055.47,"590,733,000"
"Feb 04, 2015",2048.86,2036.72,2054.74,2041.51,"638,853,000"
"Feb 03, 2015",2022.71,2022.71,2050.3,2050.03,"658,300,000"
"Jan 30, 2015",2019.35,1993.38,2023.32,1994.99,"893,217,000"
"Jan 29, 2015",2002.45,1989.18,2024.64,2021.25,"620,130,000"
"Jan 28, 2015",2032.34,2001.49,2042.49,2002.16,"648,480,000"
"Jan 26, 2015",2050.42,2040.97,2057.62,2057.09,"525,986,000"
"Jan 23, 2015",2062.98,2050.54,2062.98,2051.82,"535,455,000"
"Jan 21, 2015",2020.19,2012.04,2038.29,2032.12,"538,996,000"
"Jan 20, 2015",2020.76,2004.49,2028.94,2022.55,"605,394,000"
"Jan 16, 2015",1992.25,1988.12,2020.46,2019.42,"731,828,000"
"Jan 15, 2015",2013.75,1991.47,2021.35,1992.67,"608,258,000"
"Jan 14, 2015",2018.4,1988.44,2018.4,2011.27,"673,001,000"
"Jan 12, 2015",2046.13,2022.58,2049.3,2028.26,"536,631,000"
"Jan 09, 2015",2063.45,2038.33,2064.43,2044.81,"503,887,000"
"Jan 07, 2015",2005.55,2005.55,2029.61,2025.9,"538,478,000"
"Jan 06, 2015",2022.15,1992.44,2030.25,2002.61,"628,224,000"
"Jan 05, 2015",2054.44,2017.34,2054.44,2020.58,"611,506,000"
"Dec 31, 2014",2082.11,2057.94,2085.58,2058.9,"415,223,000"
"Dec 29, 2014",2087.63,2085.75,2093.55,2090.57,"331,932,000"
"Dec 26, 2014",2084.3,2084.3,2092.7,2088.77,"286,785,000"
"Dec 24, 2014",2083.25,2081.86,2087.56,2081.88,"224,945,000"
"Dec 23, 2014",2081.48,2079.77,2086.73,2082.17,"473,272,000"
"Dec 22, 2014",2069.28,2069.28,2078.76,2078.54,"550,803,000"
"Dec 18, 2014",2018.98,2018.98,2061.23,2061.23,"667,228,000"
"Dec 17, 2014",1973.77,1973.77,2016.75,2012.89,"658,790,000"
"Dec 16, 2014",1986.71,1972.56,2016.89,1972.74,"690,265,000"
"Dec 12, 2014",2030.36,2002.33,2032.25,2002.33,"657,438,000"
"Dec 11, 2014",2027.92,2027.92,2055.53,2035.33,"527,529,000"
"Dec 09, 2014",2056.55,2034.17,2060.6,2059.82,"530,054,000"
"Dec 08, 2014",2074.84,2054.27,2075.78,2060.31,"547,803,000"
"Dec 05, 2014",2072.78,2070.81,2079.47,2075.37,"492,974,000"
"Dec 03, 2014",2067.45,2066.65,2076.28,2074.33,"536,333,000"
"Dec 02, 2014",2053.77,2053.77,2068.77,2066.55,"498,400,000"
"Nov 28, 2014",2074.78,2065.06,2075.76,2067.56,"411,804,000"
"Nov 26, 2014",2067.36,2066.62,2073.29,2072.83,"510,052,000"
"Nov 25, 2014",2070.15,2064.75,2074.21,2067.03,"587,165,000"
"Nov 24, 2014",2065.07,2065.07,2070.17,2069.41,"483,152,000"
"Nov 21, 2014",2057.46,2056.75,2071.46,2063.5,"725,438,000"
"Nov 19, 2014",2051.16,2040.37,2052.14,2048.72,"456,780,000"
"Nov 18, 2014",2041.48,2041.48,2056.08,2051.8,"465,627,000"
"Nov 14, 2014",2039.74,2035.2,2042.22,2039.82,"447,822,000"
"Nov 13, 2014",2039.21,2030.44,2046.18,2039.33,"470,727,000"
"Nov 12, 2014",2037.75,2031.95,2040.33,2038.25,"460,474,000"
"Nov 10, 2014",2032.01,2030.17,2038.7,2038.26,"459,544,000"
"Nov 07, 2014",2032.36,2025.07,2034.26,2031.92,"507,608,000"
"Nov 05, 2014",2015.29,2014.42,2023.77,2023.57,"511,039,000"
"Nov 04, 2014",2015.81,2001.01,2015.98,2012.1,"523,652,000"
"Nov 03, 2014",2018.21,2013.68,2024.46,2017.81,"495,466,000"
"Oct 30, 2014",1979.49,1974.75,1999.4,1994.65,"512,018,000"
"Oct 29, 2014",1983.29,1969.04,1991.4,1982.3,"550,834,000"
"Oct 27, 2014",1962.97,1951.37,1964.64,1961.63,"465,869,000"
"Oct 24, 2014",1951.59,1946.27,1965.27,1964.58,"499,168,000"
"Oct 23, 2014",1931.02,1931.02,1961.95,1950.82,"560,099,000"
"Oct 21, 2014",1909.38,1909.38,1942.45,1941.28,"586,162,000"
"Oct 20, 2014",1885.62,1882.3,1905.03,1904.01,"529,713,000"
"Oct 16, 2014",1855.95,1835.02,1876.01,1862.76,"795,956,000"
"Oct 15, 2014",1874.18,1820.66,1874.18,1862.49,"926,524,000"
"Oct 13, 2014",1905.65,1874.14,1912.09,1874.74,"670,484,000"
"Oct 10, 2014",1925.63,1906.05,1936.98,1906.13,"757,485,000"
"Oct 09, 2014",1967.68,1927.56,1967.68,1928.21,"604,573,000"
"Oct 07, 2014",1962.36,1934.87,1962.36,1935.1,"519,127,000"
"Oct 06, 2014",1970.01,1958.43,1977.84,1964.82,"433,672,000"
"Oct 02, 2014",1945.83,1926.03,1952.32,1946.17,"513,088,000"
"Oct 01, 2014",1971.44,1941.72,1971.44,1946.16,"585,264,000"
"Sep 30, 2014",1978.21,1968.96,1985.17,1972.29,"590,851,000"
"Sep 26, 2014",1966.22,1966.22,1986.37,1982.85,"436,267,000"
"Sep 25, 2014",1997.32,1965.99,1997.32,1965.99,"526,199,000"
"Sep 23, 2014",1992.78,1982.77,1995.41,1982.77,"483,710,000"
"Sep 22, 2014",2009.08,1991.01,2009.08,1994.29,"474,795,000"
"Sep 19, 2014",2012.74,2006.59,2019.26,2010.4,"1,399,699,000"
"Sep 17, 2014",1999.3,1993.29,2010.74,2001.57,"478,418,000"
"Sep 16, 2014",1981.93,1979.06,2002.28,1998.98,"441,783,000"
"Sep 12, 2014",1996.74,1980.26,1996.74,1985.54,"500,131,000"
"Sep 11, 2014",1992.85,1985.93,1997.65,1997.45,"399,776,000"
"Sep 10, 2014",1988.41,1982.99,1996.66,1995.69,"427,131,000"
"Sep 08, 2014",2007.17,1995.6,2007.17,2001.54,"411,969,000"
"Sep 05, 2014",1998,1990.1,2007.71,2007.71,"450,560,000"
"Sep 03, 2014",2003.57,1998.14,2009.28,2000.72,"396,734,000"
"Sep 02, 2014",2004.07,1994.85,2006.12,2002.28,"399,418,000"
"Aug 29, 2014",1998.45,1994.65,2003.38,2003.37,"425,023,000"
"Aug 28, 2014",1997.42,1990.52,1998.55,1996.74,"315,882,000"
"Aug 27, 2014",2000.54,1996.2,2002.14,2000.12,"342,143,000"
"Aug 25, 2014",1991.74,1991.74,2001.95,1997.92,"336,826,000"
"Aug 22, 2014",1992.6,1984.76,1993.54,1988.4,"377,872,000"
"Aug 20, 2014",1980.46,1977.68,1988.57,1986.51,"378,232,000"
"Aug 19, 2014",1972.73,1972.73,1982.57,1981.6,"393,523,000"
"Aug 18, 2014",1958.36,1958.36,1971.99,1971.74,"422,144,000"
"Aug 14, 2014",1947.41,1947.41,1955.23,1955.18,"322,147,000"
"Aug 13, 2014",1935.6,1935.6,1948.41,1946.72,"368,395,000"
"Aug 11, 2014",1933.43,1933.43,1944.9,1936.92,"399,490,000"
"Aug 08, 2014",1910.35,1909.01,1932.38,1931.59,"456,088,000"
"Aug 07, 2014",1923.03,1904.78,1928.89,1909.57,"474,067,000"
"Aug 05, 2014",1936.34,1913.77,1936.34,1920.21,"500,527,000"
"Aug 04, 2014",1926.62,1921.2,1942.92,1938.99,"468,874,000"
"Jul 31, 2014",1965.14,1930.67,1965.14,1930.67,"623,629,000"
"Jul 30, 2014",1973.21,1962.42,1978.9,1970.07,"476,985,000"
"Jul 29, 2014",1980.03,1969.95,1984.85,1969.95,"492,838,000"
"Jul 25, 2014",1984.6,1974.37,1984.6,1978.34,"414,635,000"
"Jul 24, 2014",1988.07,1985.79,1991.39,1987.98,"471,603,000"
"Jul 22, 2014",1975.65,1975.65,1986.24,1983.53,"425,726,000"
"Jul 21, 2014",1976.93,1965.77,1976.93,1973.63,"397,417,000"
"Jul 18, 2014",1961.54,1960.82,1979.91,1978.22,"582,965,000"
"Jul 16, 2014",1976.35,1975.67,1983.94,1981.57,"517,539,000"
"Jul 15, 2014",1977.36,1965.34,1982.52,1973.28,"544,581,000"
"Jul 11, 2014",1965.76,1959.63,1968.67,1967.57,"375,548,000"
"Jul 10, 2014",1966.67,1952.86,1969.84,1964.68,"417,456,000"
"Jul 08, 2014",1976.39,1959.46,1976.39,1963.71,"482,721,000"
"Jul 07, 2014",1984.22,1974.88,1984.22,1977.65,"399,491,000"
"Jul 03, 2014",1975.88,1975.88,1985.59,1985.44,"366,541,000"
"Jul 02, 2014",1973.06,1972.58,1976.67,1974.62,"386,021,000"
"Jul 01, 2014",1962.29,1962.29,1978.58,1973.32,"438,761,000"
"Jun 27, 2014",1956.56,1952.18,1961.47,1960.96,"736,991,000"
"Jun 26, 2014",1959.89,1944.69,1959.89,1957.22,"404,542,000"
"Jun 25, 2014",1949.27,1947.49,1960.83,1959.53,"455,366,000"
"Jun 23, 2014",1962.92,1958.89,1963.74,1962.61,"411,854,000"
"Jun 20, 2014",1960.45,1959.17,1963.91,1962.87,"1,209,685,000"
"Jun 18, 2014",1942.73,1939.29,1957.74,1956.98,"436,454,000"
"Jun 17, 2014",1937.15,1933.55,1943.69,1941.99,"405,863,000"
"Jun 16, 2014",1934.84,1930.91,1941.15,1937.78,"437,288,000"
"Jun 12, 2014",1943.35,1925.78,1943.35,1930.11,"459,956,000"
"Jun 11, 2014",1949.37,1940.08,1949.37,1943.89,"387,283,000"
"Jun 09, 2014",1948.97,1947.16,1955.55,1951.27,"422,431,000"
"Jun 06, 2014",1942.41,1942.41,1949.44,1949.44,"445,161,000"
"Jun 05, 2014",1928.52,1922.93,1941.74,1940.46,"431,125,000"
"Jun 03, 2014",1923.07,1918.79,1925.07,1924.24,"414,841,000"
"Jun 02, 2014",1923.87,1915.98,1925.88,1924.97,"376,846,000"
"May 29, 2014",1910.6,1909.82,1920.03,1920.03,"371,597,000"
"May 28, 2014",1911.77,1907.3,1914.46,1909.78,"408,919,000"
"May 27, 2014",1902.01,1902.01,1912.28,1911.91,"469,659,000"
"May 23, 2014",1893.32,1893.32,1901.26,1900.53,"373,480,000"
"May 22, 2014",1888.19,1885.39,1896.33,1892.49,"385,630,000"
"May 20, 2014",1884.88,1868.14,1884.88,1872.83,"434,975,000"
"May 19, 2014",1876.66,1872.42,1886,1885.08,"433,389,000"
"May 15, 2014",1888.16,1862.36,1888.16,1870.85,"547,161,000"
"May 14, 2014",1897.13,1885.77,1897.13,1888.53,"422,048,000"
"May 13, 2014",1896.75,1896.06,1902.17,1897.45,"418,340,000"
"May 09, 2014",1875.27,1867.02,1878.57,1878.48,"473,573,000"
"May 08, 2014",1877.39,1870.05,1889.07,1875.63,"488,608,000"
"May 06, 2014",1883.69,1867.72,1883.69,1867.72,"474,484,000"
"May 05, 2014",1879.45,1866.77,1885.51,1884.66,"417,770,000"
"May 02, 2014",1885.3,1878.5,1891.33,1881.14,"463,670,000"
"Apr 30, 2014",1877.1,1872.69,1885.2,1883.95,"629,090,000"
"Apr 29, 2014",1870.78,1870.78,1880.6,1878.33,"489,827,000"
"Apr 25, 2014",1877.72,1859.7,1877.72,1863.4,"526,707,000"
"Apr 24, 2014",1881.97,1870.24,1884.06,1878.61,"523,936,000"
"Apr 23, 2014",1879.32,1873.91,1879.75,1875.39,"477,805,000"
"Apr 21, 2014",1865.79,1863.18,1871.89,1871.89,"445,573,000"
"Apr 17, 2014",1861.73,1856.72,1869.63,1864.85,"665,681,000"
"Apr 16, 2014",1846.01,1846.01,1862.31,1862.31,"536,608,000"
"Apr 15, 2014",1831.45,1816.29,1844.02,1842.98,"591,857,000"
"Apr 14, 2014",1818.18,1815.8,1834.19,1830.61,"524,945,000"
"Apr 10, 2014",1872.28,1830.87,1872.53,1833.08,"636,878,000"
"Apr 09, 2014",1852.64,1852.38,1872.43,1872.18,"528,286,000"
"Apr 07, 2014",1863.92,1841.48,1864.04,1845.04,"658,210,000"
"Apr 04, 2014",1890.25,1863.26,1897.28,1865.09,"638,969,000"
"Apr 03, 2014",1891.43,1882.65,1893.8,1888.77,"486,951,000"
"Apr 01, 2014",1873.96,1873.96,1885.84,1885.52,"517,337,000"
"Mar 31, 2014",1859.16,1859.16,1875.18,1872.34,"577,814,000"
"Mar 27, 2014",1852.11,1842.11,1855.55,1849.04,"583,008,000"
"Mar 26, 2014",1867.09,1852.56,1875.92,1852.56,"557,827,000"
"Mar 24, 2014",1867.67,1849.69,1873.34,1857.44,"588,008,000"
"Mar 21, 2014",1874.53,1863.46,1883.97,1866.52,"1,546,978,000"
"Mar 20, 2014",1860.09,1854.63,1873.49,1872.01,"467,186,000"
"Mar 18, 2014",1858.92,1858.92,1873.76,1872.25,"408,703,000"
"Mar 17, 2014",1842.81,1842.81,1862.3,1858.83,"452,592,000"
"Mar 13, 2014",1869.06,1841.86,1874.4,1846.34,"512,753,000"
"Mar 12, 2014",1866.15,1854.38,1868.38,1868.2,"449,370,000"
"Mar 11, 2014",1878.26,1863.88,1882.35,1867.63,"442,986,000"
"Mar 07, 2014",1878.52,1870.56,1883.57,1878.04,"497,040,000"
"Mar 06, 2014",1874.18,1874.18,1881.94,1877.03,"498,566,000"
"Mar 04, 2014",1849.23,1849.23,1876.23,1873.91,"544,441,000"
"Mar 03, 2014",1857.68,1834.44,1857.68,1845.73,"498,458,000"
"Feb 28, 2014",1855.12,1847.67,1867.92,1859.45,"716,526,000"
"Feb 26, 2014",1845.79,1840.66,1852.65,1845.16,"493,821,000"
"Feb 25, 2014",1847.66,1840.19,1852.91,1845.12,"498,266,000"
"Feb 21, 2014",1841.07,1835.6,1846.13,1836.25,"673,576,000"
"Feb 20, 2014",1829.24,1824.58,1842.79,1839.78,"512,917,000"
"Feb 19, 2014",1838.9,1826.99,1847.5,1828.75,"516,752,000"
"Feb 14, 2014",1828.46,1825.59,1841.65,1838.63,"488,468,000"
"Feb 12, 2014",1820.12,1815.97,1826.55,1819.26,"483,526,000"
"Feb 11, 2014",1800.45,1800.41,1823.54,1819.75,"532,935,000"
"Feb 07, 2014",1776.01,1776.01,1798.03,1797.02,"589,310,000"
"Feb 06, 2014",1752.99,1752.99,1774.06,1773.43,"561,418,000"
"Feb 05, 2014",1753.38,1737.92,1755.79,1751.64,"578,631,000"
"Feb 03, 2014",1782.68,1739.66,1784.83,1741.89,"744,277,000"
"Jan 31, 2014",1790.88,1772.26,1793.88,1782.59,"755,380,000"
"Jan 29, 2014",1790.15,1770.45,1790.15,1774.2,"601,114,000"
"Jan 28, 2014",1783,1779.49,1793.87,1792.5,"494,782,000"
"Jan 27, 2014",1791.03,1772.88,1795.98,1781.56,"631,898,000"
"Jan 23, 2014",1842.29,1820.06,1842.29,1828.46,"581,097,000"
"Jan 22, 2014",1844.71,1840.88,1846.87,1844.86,"500,007,000"
"Jan 17, 2014",1844.23,1835.23,1846.04,1838.7,"806,647,000"
"Jan 16, 2014",1847.99,1840.3,1847.99,1845.89,"473,037,000"
"Jan 14, 2014",1821.36,1821.36,1839.26,1838.88,"510,487,000"
"Jan 13, 2014",1841.26,1815.52,1843.45,1819.2,"574,069,000"
"Jan 09, 2014",1839,1830.38,1843.23,1838.13,"520,632,000"
"Jan 08, 2014",1837.9,1831.4,1840.02,1837.49,"576,758,000"
"Jan 07, 2014",1828.71,1828.71,1840.1,1837.88,"496,528,000"
"Jan 03, 2014",1833.21,1829.13,1838.24,1831.37,"387,737,000"
"Jan 02, 2014",1845.86,1827.74,1845.86,1831.98,"446,076,000"
"Dec 31, 2013",1842.61,1842.41,1849.44,1848.36,"393,922,000"
"Dec 30, 2013",1841.47,1838.77,1842.47,1841.07,"301,816,000"
"Dec 27, 2013",1842.97,1839.81,1844.89,1841.4,"269,984,000"
"Dec 24, 2013",1828.02,1828.02,1833.32,1833.32,"183,931,000"
"Dec 20, 2013",1810.39,1810.25,1823.75,1818.32,"1,387,107,000"
"Dec 19, 2013",1809,1801.35,1810.88,1809.6,"510,586,000"
"Dec 17, 2013",1786.47,1777.05,1786.77,1781,"506,318,000"
"Dec 16, 2013",1777.48,1777.48,1792.22,1786.54,"529,194,000"
"Dec 13, 2013",1777.98,1772.45,1780.92,1775.32,"440,291,000"
"Dec 11, 2013",1802.76,1780.09,1802.97,1782.22,"545,718,000"
"Dec 10, 2013",1807.6,1801.75,1808.52,1802.62,"464,118,000"
"Dec 06, 2013",1788.36,1788.36,1806.04,1805.09,"499,811,000"
"Dec 05, 2013",1792.82,1783.38,1792.82,1785.03,"556,844,000"
"Dec 04, 2013",1793.15,1779.09,1799.8,1792.81,"573,025,000"
"Dec 02, 2013",1806.55,1798.6,1810.02,1800.9,"461,947,000"
"Nov 29, 2013",1808.69,1803.98,1813.55,1805.81,"353,098,000"
"Nov 27, 2013",1803.48,1802.77,1808.27,1807.23,"372,649,000"
"Nov 26, 2013",1802.87,1800.77,1808.42,1802.75,"558,535,000"
"Nov 25, 2013",1806.33,1800.58,1808.1,1802.48,"471,349,000"
"Nov 21, 2013",1783.52,1783.52,1797.16,1795.85,"479,361,000"
"Nov 20, 2013",1789.59,1777.23,1795.73,1781.37,"461,741,000"
"Nov 18, 2013",1798.82,1788,1802.33,1791.53,"482,498,000"
"Nov 15, 2013",1790.66,1790.66,1798.22,1798.18,"656,776,000"
"Nov 14, 2013",1782.75,1780.22,1791.53,1790.62,"509,930,000"
"Nov 12, 2013",1769.51,1762.29,1771.78,1767.69,"444,458,000"
"Nov 11, 2013",1769.96,1767.85,1773.44,1771.89,"376,761,000"
"Nov 07, 2013",1770.74,1746.2,1774.54,1747.15,"590,009,000"
"Nov 06, 2013",1765,1764.4,1773.74,1770.49,"492,661,000"
"Nov 04, 2013",1763.4,1761.56,1768.78,1767.93,"420,024,000"
"Nov 01, 2013",1758.7,1752.7,1765.67,1761.64,"538,311,000"
"Oct 31, 2013",1763.24,1755.72,1768.53,1756.54,"624,290,000"
"Oct 29, 2013",1762.93,1762.93,1772.09,1771.95,"479,777,000"
"Oct 28, 2013",1759.42,1757.67,1764.99,1762.11,"564,005,000"
"Oct 24, 2013",1747.48,1745.5,1753.94,1752.07,"512,871,000"
"Oct 23, 2013",1752.27,1740.5,1752.27,1746.38,"520,475,000"
"Oct 22, 2013",1746.48,1746.48,1759.33,1754.67,"556,149,000"
"Oct 18, 2013",1736.72,1735.74,1745.31,1744.5,"685,297,000"
"Oct 17, 2013",1720.17,1714.12,1733.45,1733.15,"522,976,000"
"Oct 15, 2013",1709.17,1695.93,1711.57,1698.06,"499,721,000"
"Oct 14, 2013",1699.86,1692.13,1711.03,1710.14,"410,558,000"
"Oct 11, 2013",1691.09,1688.52,1703.44,1703.2,"470,002,000"
"Oct 09, 2013",1656.99,1646.47,1662.47,1656.4,"548,555,000"
"Oct 08, 2013",1676.22,1655.03,1676.79,1655.45,"537,021,000"
"Oct 04, 2013",1678.79,1677.33,1691.94,1690.5,"421,107,000"
"Oct 03, 2013",1692.35,1670.36,1692.35,1678.66,"482,093,000"
"Oct 02, 2013",1691.9,1680.34,1693.87,1693.87,"467,281,000"
"Sep 30, 2013",1687.26,1674.99,1687.26,1681.55,"605,954,000"
"Sep 27, 2013",1695.52,1687.11,1695.52,1691.75,"464,569,000"
"Sep 25, 2013",1698.02,1691.88,1701.71,1692.77,"460,818,000"
"Sep 24, 2013",1702.6,1694.9,1707.63,1697.42,"489,428,000"
"Sep 23, 2013",1711.44,1697.1,1711.44,1701.84,"501,457,000"
"Sep 19, 2013",1727.34,1720.2,1729.86,1722.34,"504,375,000"
"Sep 18, 2013",1705.74,1700.35,1729.44,1725.52,"568,125,000"
"Sep 16, 2013",1691.7,1691.7,1704.95,1697.6,"446,946,000"
"Sep 13, 2013",1685.04,1682.22,1688.73,1687.99,"384,106,000"
"Sep 11, 2013",1681.04,1678.7,1689.13,1689.13,"476,873,000"
"Sep 10, 2013",1674.32,1674.32,1684.09,1683.99,"489,085,000"
"Sep 09, 2013",1656.85,1656.85,1672.4,1671.71,"423,765,000"
"Sep 05, 2013",1653.28,1653.07,1659.17,1655.08,"428,637,000"
"Sep 04, 2013",1640.72,1637.41,1655.72,1653.08,"524,195,000"
"Aug 30, 2013",1638.89,1628.05,1640.08,1632.97,"531,583,000"
"Aug 29, 2013",1633.5,1630.88,1646.41,1638.17,"378,212,000"
"Aug 27, 2013",1652.54,1629.05,1652.54,1630.48,"494,832,000"
"Aug 26, 2013",1664.29,1656.02,1669.51,1656.78,"409,042,000"
"Aug 22, 2013",1645.03,1645.03,1659.55,1656.96,"623,231,000"
"Aug 21, 2013",1650.66,1639.43,1656.99,1642.8,"473,475,000"
"Aug 20, 2013",1646.81,1646.08,1658.92,1652.35,"428,046,000"
"Aug 16, 2013",1661.22,1652.61,1663.6,1655.83,"639,131,000"
"Aug 15, 2013",1679.61,1658.59,1679.61,1661.32,"499,350,000"
"Aug 13, 2013",1690.65,1682.62,1696.81,1694.16,"402,378,000"
"Aug 12, 2013",1688.37,1683.35,1691.49,1689.47,"369,592,000"
"Aug 09, 2013",1696.1,1686.02,1699.42,1691.42,"403,394,000"
"Aug 07, 2013",1695.3,1684.91,1695.3,1690.91,"438,513,000"
"Aug 06, 2013",1705.79,1693.29,1705.79,1697.37,"446,352,000"
"Aug 02, 2013",1706.1,1700.68,1709.67,1709.67,"494,195,000"
"Aug 01, 2013",1689.42,1689.42,1707.85,1706.87,"520,234,000"
"Jul 30, 2013",1687.92,1682.42,1693.19,1685.96,"492,159,000"
"Jul 29, 2013",1690.32,1681.86,1690.92,1685.33,"411,188,000"
"Jul 26, 2013",1687.31,1676.03,1691.85,1691.65,"457,342,000"
"Jul 24, 2013",1696.06,1682.57,1698.38,1685.94,"513,599,000"
"Jul 23, 2013",1696.63,1691.13,1698.78,1692.39,"438,286,000"
"Jul 19, 2013",1686.15,1684.08,1692.09,1692.09,"754,883,000"
"Jul 18, 2013",1681.05,1681.05,1693.12,1689.37,"510,857,000"
"Jul 17, 2013",1677.91,1677.91,1684.75,1680.91,"497,826,000"
"Jul 15, 2013",1679.59,1677.89,1684.51,1682.5,"414,407,000"
"Jul 12, 2013",1675.26,1672.33,1680.19,1680.19,"575,988,000"
"Jul 10, 2013",1651.56,1647.66,1657.92,1652.62,"498,099,000"
"Jul 09, 2013",1642.89,1642.89,1654.18,1652.32,"507,487,000"
"Jul 08, 2013",1634.2,1634.2,1644.68,1640.46,"734,963,000"
"Jul 03, 2013",1611.48,1604.57,1618.97,1615.41,"299,429,000"
"Jul 01, 2013",1609.78,1609.78,1626.61,1614.96,"518,229,000"
"Jun 28, 2013",1611.12,1601.06,1615.94,1606.28,"1,063,673,000"
"Jun 27, 2013",1606.44,1606.44,1620.07,1613.2,"510,156,000"
"Jun 25, 2013",1577.52,1577.09,1593.79,1588.03,"591,516,000"
"Jun 24, 2013",1588.77,1560.33,1588.77,1573.09,"670,781,000"
"Jun 20, 2013",1624.62,1584.32,1624.62,1588.19,"768,032,000"
"Jun 19, 2013",1651.83,1628.91,1652.45,1628.93,"555,541,000"
"Jun 18, 2013",1639.77,1639.77,1654.19,1651.81,"461,272,000"
"Jun 14, 2013",1635.52,1623.96,1640.8,1626.73,"449,350,000"
"Jun 13, 2013",1612.15,1608.07,1639.25,1636.36,"501,745,000"
"Jun 11, 2013",1638.64,1622.92,1640.13,1626.13,"487,200,000"
"Jun 10, 2013",1644.67,1639.26,1648.69,1642.81,"434,288,000"
"Jun 06, 2013",1609.29,1598.23,1622.56,1622.56,"603,290,000"
"Jun 05, 2013",1629.05,1607.09,1629.31,1608.9,"563,821,000"
"Jun 04, 2013",1640.73,1623.62,1646.53,1631.38,"558,108,000"
"May 31, 2013",1652.13,1630.74,1658.99,1630.74,"856,567,000"
"May 30, 2013",1649.14,1648.61,1661.91,1654.41,"516,664,000"
"May 28, 2013",1652.63,1652.63,1674.21,1660.06,"541,921,000"
"May 24, 2013",1646.67,1636.88,1649.78,1649.6,"438,657,000"
"May 22, 2013",1669.39,1648.86,1687.18,1655.35,"671,305,000"
"May 21, 2013",1666.2,1662.67,1674.93,1669.16,"502,430,000"
"May 17, 2013",1652.45,1652.45,1667.47,1667.47,"706,870,000"
"May 16, 2013",1658.07,1648.6,1660.51,1650.47,"548,320,000"
"May 15, 2013",1649.13,1646.68,1661.49,1658.78,"528,246,000"
"May 13, 2013",1632.1,1626.74,1636,1633.77,"442,421,000"
"May 10, 2013",1626.69,1623.71,1633.7,1633.7,"463,329,000"
"May 08, 2013",1625.95,1622.7,1632.78,1632.69,"497,363,000"
"May 07, 2013",1617.55,1616.64,1626.03,1625.96,"468,629,000"
"May 06, 2013",1614.4,1614.21,1619.77,1617.5,"469,344,000"
"May 02, 2013",1582.77,1582.77,1598.6,1597.59,"457,002,000"
"May 01, 2013",1597.55,1581.28,1597.55,1582.7,"506,555,000"
"Apr 29, 2013",1582.34,1582.34,1596.65,1593.61,"445,706,000"
"Apr 26, 2013",1585.16,1577.56,1585.78,1582.24,"543,973,000"
"Apr 25, 2013",1578.93,1578.93,1592.64,1585.16,"577,887,000"
"Apr 23, 2013",1562.5,1562.5,1579.58,1578.78,"540,531,000"
"Apr 22, 2013",1555.25,1548.19,1565.55,1562.5,"509,229,000"
"Apr 18, 2013",1552.03,1536.03,1554.38,1541.61,"615,946,000"
"Apr 17, 2013",1574.57,1543.69,1574.57,1552.01,"673,253,000"
"Apr 15, 2013",1588.84,1552.28,1588.84,1552.36,"703,753,000"
"Apr 12, 2013",1593.3,1579.97,1593.3,1588.85,"529,328,000"
"Apr 11, 2013",1587.73,1586.17,1597.35,1593.37,"521,191,000"
"Apr 09, 2013",1563.11,1560.92,1573.89,1568.61,"511,134,000"
"Apr 08, 2013",1553.26,1548.63,1563.07,1563.07,"448,688,000"
"Apr 04, 2013",1553.69,1552.52,1562.6,1559.98,"471,727,000"
"Apr 03, 2013",1570.25,1549.8,1571.47,1553.69,"576,828,000"
"Apr 02, 2013",1562.17,1562.17,1573.66,1570.25,"462,829,000"
"Mar 28, 2013",1562.86,1561.08,1570.28,1569.19,"661,078,000"
"Mar 26, 2013",1551.69,1551.69,1563.95,1563.77,"404,453,000"
"Mar 25, 2013",1556.89,1546.22,1564.91,1551.69,"522,845,000"
"Mar 22, 2013",1545.9,1545.9,1557.74,1556.89,"491,219,000"
"Mar 20, 2013",1548.34,1548.34,1561.56,1558.71,"499,141,000"
"Mar 19, 2013",1552.1,1538.57,1557.25,1548.34,"535,005,000"
"Mar 15, 2013",1563.21,1555.74,1563.62,1560.7,"1,426,617,000"
"Mar 14, 2013",1554.52,1554.52,1563.32,1563.23,"494,834,000"
"Mar 13, 2013",1552.48,1548.25,1556.39,1554.52,"409,149,000"
"Mar 11, 2013",1551.15,1547.36,1556.27,1556.22,"437,760,000"
"Mar 08, 2013",1544.26,1542.94,1552.48,1551.18,"479,459,000"
"Mar 06, 2013",1539.79,1538.11,1545.25,1541.46,"490,727,000"
"Mar 05, 2013",1525.2,1525.2,1543.47,1539.79,"499,572,000"
"Mar 01, 2013",1514.68,1501.48,1519.99,1518.2,"522,709,000"
"Feb 28, 2013",1515.99,1514.46,1525.34,1514.68,"735,425,000"
"Feb 27, 2013",1496.94,1494.88,1520.08,1515.99,"479,813,000"
"Feb 25, 2013",1515.6,1487.85,1525.84,1487.85,"627,165,000"
"Feb 22, 2013",1502.42,1502.42,1515.64,1515.6,"505,050,000"
"Feb 20, 2013",1530.94,1511.41,1530.94,1511.95,"583,104,000"
"Feb 19, 2013",1519.79,1519.79,1530.94,1530.94,"558,582,000"
"Feb 15, 2013",1521.38,1514.14,1524.24,1519.79,"802,927,000"
"Feb 14, 2013",1520.33,1514.02,1523.14,1521.38,"524,251,000"
"Feb 13, 2013",1519.43,1515.93,1524.69,1520.33,"495,489,000"
"Feb 11, 2013",1517.93,1513.61,1518.31,1517.01,"382,890,000"
"Feb 08, 2013",1509.39,1509.39,1518.31,1517.93,"459,823,000"
"Feb 07, 2013",1512.12,1498.49,1512.9,1509.39,"534,511,000"
"Feb 05, 2013",1495.71,1495.71,1514.96,1511.29,"576,457,000"
"Feb 04, 2013",1513.17,1495.02,1513.17,1495.71,"566,862,000"
"Jan 31, 2013",1501.96,1496.76,1504.19,1498.11,"712,668,000"
"Jan 30, 2013",1507.84,1500.11,1509.94,1501.96,"541,017,000"
"Jan 29, 2013",1500.18,1498.09,1509.35,1507.84,"562,427,000"
"Jan 25, 2013",1494.82,1494.82,1503.26,1502.96,"559,070,000"
"Jan 24, 2013",1494.81,1489.46,1502.27,1494.82,"543,482,000"
"Jan 22, 2013",1485.98,1481.16,1492.56,1492.56,"559,020,000"
"Jan 18, 2013",1480.95,1475.81,1485.98,1485.98,"920,956,000"
"Jan 16, 2013",1472.33,1467.6,1473.96,1472.63,"485,848,000"
"Jan 15, 2013",1470.67,1463.76,1473.31,1472.34,"470,708,000"
"Jan 11, 2013",1472.12,1467.58,1472.75,1472.05,"470,769,000"
"Jan 10, 2013",1464.64,1461.02,1472.3,1472.12,"544,221,000"
"Jan 08, 2013",1461.89,1451.64,1461.89,1457.15,"532,588,000"
"Jan 07, 2013",1466.47,1456.62,1466.47,1461.89,"471,486,000"
"Jan 04, 2013",1459.37,1458.99,1467.94,1466.47,"489,371,000"
"Jan 02, 2013",1426.19,1426.19,1462.43,1462.42,"665,146,000"
"Dec 31, 2012",1402.43,1398.11,1426.74,1426.19,"585,218,000"
"Dec 28, 2012",1418.1,1401.58,1418.1,1402.43,"397,520,000"
"Dec 27, 2012",1419.83,1401.8,1422.8,1418.1,"434,249,000"
"Dec 26, 2012",1426.66,1416.43,1429.42,1419.83,"355,821,000"
"Dec 24, 2012",1430.15,1424.66,1430.15,1426.66,"218,666,000"
"Dec 21, 2012",1443.67,1422.58,1443.67,1430.15,"1,514,501,000"
"Dec 19, 2012",1446.79,1435.8,1447.75,1435.81,"569,536,000"
"Dec 18, 2012",1430.47,1430.47,1448,1446.79,"642,268,000"
"Dec 17, 2012",1413.54,1413.54,1430.67,1430.36,"572,655,000"
"Dec 13, 2012",1428.48,1416,1431.36,1419.45,"506,508,000"
"Dec 12, 2012",1427.84,1426.76,1438.59,1428.48,"550,927,000"
"Dec 10, 2012",1418.07,1415.64,1421.64,1418.55,"468,455,000"
"Dec 07, 2012",1413.95,1410.9,1420.34,1418.07,"471,402,000"
"Dec 06, 2012",1409.43,1405.93,1413.95,1413.94,"502,934,000"
"Dec 04, 2012",1409.46,1403.65,1413.14,1407.05,"534,149,000"
"Dec 03, 2012",1416.34,1408.46,1423.73,1409.46,"517,130,000"
"Nov 29, 2012",1409.96,1409.04,1419.7,1415.95,"509,860,000"
"Nov 28, 2012",1398.77,1385.43,1410.31,1409.93,"552,197,000"
"Nov 26, 2012",1409.15,1397.68,1409.15,1406.29,"505,032,000"
"Nov 23, 2012",1391.03,1391.03,1409.16,1409.15,"242,179,000"
"Nov 21, 2012",1387.79,1386.39,1391.25,1391.03,"392,239,000"
"Nov 20, 2012",1386.82,1377.04,1389.77,1387.81,"508,090,000"
"Nov 19, 2012",1359.88,1359.88,1386.89,1386.89,"563,440,000"
"Nov 15, 2012",1355.41,1348.05,1360.62,1353.33,"602,714,000"
"Nov 14, 2012",1374.64,1352.5,1380.13,1355.49,"659,656,000"
"Nov 13, 2012",1380.03,1371.39,1388.81,1374.53,"551,632,000"
"Nov 09, 2012",1377.55,1373.03,1391.39,1379.85,"575,874,000"
"Nov 08, 2012",1394.53,1377.51,1401.23,1377.51,"612,832,000"
"Nov 06, 2012",1417.26,1417.26,1433.38,1428.39,"542,763,000"
"Nov 05, 2012",1414.02,1408.13,1419.9,1417.26,"459,314,000"
"Nov 02, 2012",1427.59,1412.91,1434.27,1414.2,"607,515,000"
"Oct 31, 2012",1410.99,1405.95,1418.76,1412.16,"653,602,000"
"Oct 26, 2012",1412.97,1403.28,1417.09,1411.94,"605,527,000"
"Oct 25, 2012",1409.74,1405.14,1421.12,1412.97,"557,434,000"
"Oct 24, 2012",1413.2,1407.1,1420.04,1408.75,"541,725,000"
"Oct 22, 2012",1433.21,1422.06,1435.46,1433.82,"511,793,000"
"Oct 19, 2012",1457.34,1429.85,1457.34,1433.19,"885,609,000"
"Oct 17, 2012",1454.22,1453.35,1462.2,1460.91,"551,740,000"
"Oct 16, 2012",1440.31,1440.31,1455.51,1454.92,"484,885,000"
"Oct 15, 2012",1428.75,1427.24,1441.31,1440.13,"489,333,000"
"Oct 11, 2012",1432.82,1432.82,1443.9,1432.84,"496,857,000"
"Oct 10, 2012",1441.48,1430.64,1442.52,1432.56,"453,629,000"
"Oct 08, 2012",1460.93,1453.1,1460.93,1455.88,"350,746,000"
"Oct 05, 2012",1461.4,1456.89,1470.96,1460.93,"478,514,000"
"Oct 03, 2012",1446.05,1441.99,1454.3,1450.99,"506,553,000"
"Oct 02, 2012",1444.99,1439.01,1451.52,1445.75,"457,426,000"
"Oct 01, 2012",1440.9,1440.9,1457.14,1444.49,"511,947,000"
"Sep 27, 2012",1433.36,1433.36,1450.2,1447.15,"479,755,000"
"Sep 26, 2012",1441.6,1430.53,1441.6,1433.32,"535,569,000"
"Sep 24, 2012",1459.76,1452.06,1460.72,1456.89,"490,691,000"
"Sep 21, 2012",1460.34,1459.51,1467.07,1460.15,"1,473,948,000"
"Sep 20, 2012",1461.05,1449.98,1461.23,1460.26,"526,569,000"
"Sep 18, 2012",1461.19,1456.13,1461.47,1459.32,"487,005,000"
"Sep 17, 2012",1465.42,1457.55,1465.63,1461.19,"517,631,000"
"Sep 13, 2012",1436.56,1435.34,1463.76,1459.99,"608,373,000"
"Sep 12, 2012",1433.56,1432.99,1439.15,1436.56,"493,270,000"
"Sep 11, 2012",1429.13,1429.13,1437.76,1433.56,"520,792,000"
"Sep 07, 2012",1432.12,1431.45,1437.92,1437.92,"540,397,000"
"Sep 06, 2012",1403.44,1403.44,1432.12,1432.12,"563,049,000"
"Sep 04, 2012",1406.54,1396.56,1409.31,1404.94,"464,461,000"
"Aug 31, 2012",1400.07,1398.96,1413.09,1406.58,"566,311,000"
"Aug 29, 2012",1409.32,1406.57,1413.95,1410.49,"391,057,000"
"Aug 28, 2012",1410.44,1405.59,1413.63,1409.3,"400,891,000"
"Aug 24, 2012",1401.99,1398.04,1413.46,1411.13,"425,661,000"
"Aug 23, 2012",1413.49,1400.5,1413.49,1402.08,"451,905,000"
"Aug 22, 2012",1413.09,1406.78,1416.12,1413.49,"501,633,000"
"Results generated at 5:10:18 PM on 8/22/2017."

